検索順位,URL,サマリー
1,python.jp: プログラミング言語 Python 総合情報サイト,https://www.python.jp/
2,Pythonとは？特徴やできること・人気の理由を初心者向けに解説,https://www.sejuku.net/blog/7720
3,Welcome to Python.org,https://www.python.org/
4,Python チュートリアル  Python 3.10.6 ドキュメント,https://docs.python.org/ja/3/tutorial/
5,,https://www.sejuku.net/blog/3863
6,,https://www.sejuku.net/blog/10196
7,,https://and-engineer.com/articles/YRSCNhAAACIA0SlX
8,,https://www.pasonatech.co.jp/workstyle/column/detail.html?p=2104
9,Python - Wikipedia,https://ja.wikipedia.org/wiki/Python
10,Python-izm | Python の入門から応用までをサポートする学習 ...,https://www.python-izm.com/
11,［Python入門］Pythonってどんな言語なの？ - ITmedia,https://atmarkit.itmedia.co.jp/ait/articles/1904/02/news024.html
12,みんなのPython 第4版 | 柴田 淳 |本 | 通販 | Amazon,https://www.amazon.co.jp/%E3%81%BF%E3%82%93%E3%81%AA%E3%81%AEPython-%E7%AC%AC4%E7%89%88-%E6%9F%B4%E7%94%B0-%E6%B7%B3/dp/479738946X
13,初心者向けにPythonのインストールから環境構築、動作確認 ...,https://camp.trainocate.co.jp/magazine/python-install/
14,Pythonプログラミング入門,https://utokyo-ipp.github.io/
15,Python - Qiita,https://qiita.com/tags/python
16,Pythonとは？大人気プログラミング言語のメリットや活用事例 ...,https://www.internetacademy.jp/it/programming/programming-basic/what-is-python.html
17,Python | プログラミングの入門なら基礎から学べるProgate ...,https://prog-8.com/courses/python
18,プログラミング言語人気第1位 Pythonでできること5選,https://www.youtube.com/watch?v=2FIAadJEZhk
19,Python言語入門,https://www.isc.meiji.ac.jp/~be00085/Python3/index.html
20,【超入門】Pythonとは？できること・基本をわかりやすく解説,https://www.kagoya.jp/howto/it-glossary/develop/python/
21,Python3入門編 | プログラミング学習サイト【paizaラーニング】,https://paiza.jp/works/python3/primer
22,Python入門 - Let'sプログラミング,https://www.javadrive.jp/python/
23,Pythonチュートリアル 第4版 単行本（ソフトカバー） - アマゾン,https://www.amazon.co.jp/Python%E3%83%81%E3%83%A5%E3%83%BC%E3%83%88%E3%83%AA%E3%82%A2%E3%83%AB-%E7%AC%AC4%E7%89%88-Guido-van-Rossum/dp/4873119359
24,Python - 奥村研究室,https://okumuralab.org/~okumura/python/
25,Python試験・資格、データ分析試験・資格を運営する一般社団 ...,https://www.pythonic-exam.com/
26,「Python」インタープリター型プログラミング言語 - 窓の杜,https://forest.watch.impress.co.jp/library/software/python/
27,「Python」に関する記事一覧 - CodeZine（コードジン）,https://codezine.jp/tag/223
28,Python［完全］入門 - SBクリエイティブ,https://www.sbcr.jp/product/4815607647/
29,はじめてのPython 少しずつ丁寧に学ぶプログラミング言語 ...,https://www.udemy.com/course/python-python3/
30,PyQ | Pythonで一歩踏み出すあなたのための、独学 ...,https://pyq.jp/
31,Python入門者はココで勉強しよう！学習サイト最強6選【2022 ...,https://proengineer.internous.co.jp/content/columnfeature/12344
32,Pythonエンジニア認定試験 - Odyssey CBT,https://cbt.odyssey-com.co.jp/pythonic-exam.html
33,Pythonに関する情報 - nkmk note,https://note.nkmk.me/python/
34,Pythonプログラミング入門 #utpython - Google Sites,https://sites.google.com/view/ut-python/
35,Pythonとは何ですか。 - Oracle for Developers,https://developer.oracle.com/jp/python/what-is-python/
36,Pythonの基礎1 - Chemical Physics Lab. Home Page,https://polymer.apphy.u-fukui.ac.jp/~koishi/programming/python/python_basic1.php
37,プログラミング言語のPythonとは？その特徴と活用方法,https://hnavi.co.jp/knowledge/blog/python/
38,Pythonを学習・勉強できる講座/受講者数No.1 |テックアカデミー,https://techacademy.jp/course/python
39,Pythonでできること6選！仕事への活用方法から学習方法まで ...,https://www.pasonatech.co.jp/workstyle/column/detail.html?p=2104
40,Pythonのコース一覧｜CTC教育サービス 研修/トレーニング,https://www.school.ctc-g.co.jp/python/
41,Pythonとは？Pythonを使ってできること・特徴を詳しく解説！,https://udemy.benesse.co.jp/development/python-work/python.html
42,Pythonでつくる ゲーム開発 入門講座 サポートページ,http://www.sotechsha.co.jp/sp/1239/
43,とほほのPython入門,https://www.tohoho-web.com/python/
44,CUTT System:Python［基礎編］ワークブック - カットシステム,https://www.cutt.co.jp/book/978-4-87783-837-9.html
45,Windows での Python (初心者向け) - Microsoft Docs,https://docs.microsoft.com/ja-jp/windows/python/beginners
46,Python Tutorial - W3Schools,https://www.w3schools.com/python/
47,【旧版】Python 3入門 (全31回) - ドットインストール,https://dotinstall.com/lessons/basic_python_v3
48,Python Boot Camp(初心者向けPythonチュートリアル),https://www.pycon.jp/support/bootcamp.html
49,スッキリわかるPython入門,https://sukkiri.jp/books/sukkiri_python
50,【入門】Pythonとは？特徴やできることを初心者向けに解説,https://tech-camp.in/note/technology/33753/
51,Python入門(2),http://www.ic.daito.ac.jp/~mizutani/python/intro2_python.html
